game_id,match_id,json_url
2026212001,2746235,https://fibalivestats.dcd.shared.geniussports.com/data/2746235/data.json
2026212002,2766670,https://fibalivestats.dcd.shared.geniussports.com/data/2766670/data.json
2026212003,2775557,https://fibalivestats.dcd.shared.geniussports.com/data/2775557/data.json
2026212004,2776674,https://fibalivestats.dcd.shared.geniussports.com/data/2776674/data.json
2026212005,2776673,https://fibalivestats.dcd.shared.geniussports.com/data/2776673/data.json
2026212006,2782533,https://fibalivestats.dcd.shared.geniussports.com/data/2782533/data.json
2026212007,2789927,https://fibalivestats.dcd.shared.geniussports.com/data/2789927/data.json
2026212008,2789926,https://fibalivestats.dcd.shared.geniussports.com/data/2789926/data.json
2026212009,2792402,https://fibalivestats.dcd.shared.geniussports.com/data/2792402/data.json
2026212010,2810249,https://fibalivestats.dcd.shared.geniussports.com/data/2810249/data.json
2026212011,2810240,https://fibalivestats.dcd.shared.geniussports.com/data/2810240/data.json
2026212012,2823533,https://fibalivestats.dcd.shared.geniussports.com/data/2823533/data.json
2026212013,2822275,https://fibalivestats.dcd.shared.geniussports.com/data/2822275/data.json
2026212014,2746225,https://fibalivestats.dcd.shared.geniussports.com/data/2746225/data.json
2026212015,2756862,https://fibalivestats.dcd.shared.geniussports.com/data/2756862/data.json
2026212016,2763895,https://fibalivestats.dcd.shared.geniussports.com/data/2763895/data.json
2026212017,2771073,https://fibalivestats.dcd.shared.geniussports.com/data/2771073/data.json
2026212018,2776672,https://fibalivestats.dcd.shared.geniussports.com/data/2776672/data.json
2026212019,2784651,https://fibalivestats.dcd.shared.geniussports.com/data/2784651/data.json
2026212020,2792401,https://fibalivestats.dcd.shared.geniussports.com/data/2792401/data.json
2026212021,2796764,https://fibalivestats.dcd.shared.geniussports.com/data/2796764/data.json
2026212022,2800192,https://fibalivestats.dcd.shared.geniussports.com/data/2800192/data.json
2026212023,2807463,https://fibalivestats.dcd.shared.geniussports.com/data/2807463/data.json
2026212024,2823541,https://fibalivestats.dcd.shared.geniussports.com/data/2823541/data.json
2026212025,2826720,https://fibalivestats.dcd.shared.geniussports.com/data/2826720/data.json
2026212026,2756861,https://fibalivestats.dcd.shared.geniussports.com/data/2756861/data.json
2026212027,2766669,https://fibalivestats.dcd.shared.geniussports.com/data/2766669/data.json
2026212028,2775547,https://fibalivestats.dcd.shared.geniussports.com/data/2775547/data.json
2026212029,2792400,https://fibalivestats.dcd.shared.geniussports.com/data/2792400/data.json
2026212030,2793240,https://fibalivestats.dcd.shared.geniussports.com/data/2793240/data.json
2026212031,2797024,https://fibalivestats.dcd.shared.geniussports.com/data/2797024/data.json
2026212032,2800191,https://fibalivestats.dcd.shared.geniussports.com/data/2800191/data.json
2026212033,2804249,https://fibalivestats.dcd.shared.geniussports.com/data/2804249/data.json
2026212034,2807462,https://fibalivestats.dcd.shared.geniussports.com/data/2807462/data.json
2026212035,2810229,https://fibalivestats.dcd.shared.geniussports.com/data/2810229/data.json
2026212036,2813112,https://fibalivestats.dcd.shared.geniussports.com/data/2813112/data.json
2026212037,2823534,https://fibalivestats.dcd.shared.geniussports.com/data/2823534/data.json
2026212038,2826724,https://fibalivestats.dcd.shared.geniussports.com/data/2826724/data.json
2026212039,2755489,https://fibalivestats.dcd.shared.geniussports.com/data/2755489/data.json
2026212040,2763894,https://fibalivestats.dcd.shared.geniussports.com/data/2763894/data.json
2026212041,2771072,https://fibalivestats.dcd.shared.geniussports.com/data/2771072/data.json
2026212042,2775540,https://fibalivestats.dcd.shared.geniussports.com/data/2775540/data.json
2026212043,2779664,https://fibalivestats.dcd.shared.geniussports.com/data/2779664/data.json
2026212044,2784650,https://fibalivestats.dcd.shared.geniussports.com/data/2784650/data.json
2026212045,2792399,https://fibalivestats.dcd.shared.geniussports.com/data/2792399/data.json
2026212046,2793239,https://fibalivestats.dcd.shared.geniussports.com/data/2793239/data.json
2026212047,2797023,https://fibalivestats.dcd.shared.geniussports.com/data/2797023/data.json
2026212048,2810220,https://fibalivestats.dcd.shared.geniussports.com/data/2810220/data.json
2026212049,2813119,https://fibalivestats.dcd.shared.geniussports.com/data/2813119/data.json
2026212050,2826733,https://fibalivestats.dcd.shared.geniussports.com/data/2826733/data.json
2026212051,2755488,https://fibalivestats.dcd.shared.geniussports.com/data/2755488/data.json
2026212052,2756860,https://fibalivestats.dcd.shared.geniussports.com/data/2756860/data.json
2026212053,2771071,https://fibalivestats.dcd.shared.geniussports.com/data/2771071/data.json
2026212054,2784649,https://fibalivestats.dcd.shared.geniussports.com/data/2784649/data.json
2026212055,2792398,https://fibalivestats.dcd.shared.geniussports.com/data/2792398/data.json
2026212056,2792397,https://fibalivestats.dcd.shared.geniussports.com/data/2792397/data.json
2026212057,2796763,https://fibalivestats.dcd.shared.geniussports.com/data/2796763/data.json
2026212058,2800190,https://fibalivestats.dcd.shared.geniussports.com/data/2800190/data.json
2026212059,2804248,https://fibalivestats.dcd.shared.geniussports.com/data/2804248/data.json
2026212060,2810208,https://fibalivestats.dcd.shared.geniussports.com/data/2810208/data.json
2026212061,2813118,https://fibalivestats.dcd.shared.geniussports.com/data/2813118/data.json
2026212062,2826725,https://fibalivestats.dcd.shared.geniussports.com/data/2826725/data.json
2026212063,2826726,https://fibalivestats.dcd.shared.geniussports.com/data/2826726/data.json
2026212064,2755486,https://fibalivestats.dcd.shared.geniussports.com/data/2755486/data.json
2026212065,2763893,https://fibalivestats.dcd.shared.geniussports.com/data/2763893/data.json
2026212066,2771070,https://fibalivestats.dcd.shared.geniussports.com/data/2771070/data.json
2026212067,2775534,https://fibalivestats.dcd.shared.geniussports.com/data/2775534/data.json
2026212068,2779663,https://fibalivestats.dcd.shared.geniussports.com/data/2779663/data.json
2026212069,2784648,https://fibalivestats.dcd.shared.geniussports.com/data/2784648/data.json
2026212070,2789925,https://fibalivestats.dcd.shared.geniussports.com/data/2789925/data.json
2026212071,2792396,https://fibalivestats.dcd.shared.geniussports.com/data/2792396/data.json
2026212072,2800189,https://fibalivestats.dcd.shared.geniussports.com/data/2800189/data.json
2026212073,2807461,https://fibalivestats.dcd.shared.geniussports.com/data/2807461/data.json
2026212074,2810197,https://fibalivestats.dcd.shared.geniussports.com/data/2810197/data.json
2026212075,2813116,https://fibalivestats.dcd.shared.geniussports.com/data/2813116/data.json
2026212076,2826727,https://fibalivestats.dcd.shared.geniussports.com/data/2826727/data.json
2026212077,2734839,https://fibalivestats.dcd.shared.geniussports.com/data/2734839/data.json
2026212078,2763892,https://fibalivestats.dcd.shared.geniussports.com/data/2763892/data.json
2026212079,2763891,https://fibalivestats.dcd.shared.geniussports.com/data/2763891/data.json
2026212080,2771069,https://fibalivestats.dcd.shared.geniussports.com/data/2771069/data.json
2026212081,2776670,https://fibalivestats.dcd.shared.geniussports.com/data/2776670/data.json
2026212082,2779662,https://fibalivestats.dcd.shared.geniussports.com/data/2779662/data.json
2026212083,2789924,https://fibalivestats.dcd.shared.geniussports.com/data/2789924/data.json
2026212084,2797022,https://fibalivestats.dcd.shared.geniussports.com/data/2797022/data.json
2026212085,2804247,https://fibalivestats.dcd.shared.geniussports.com/data/2804247/data.json
2026212086,2810171,https://fibalivestats.dcd.shared.geniussports.com/data/2810171/data.json
2026212087,2816134,https://fibalivestats.dcd.shared.geniussports.com/data/2816134/data.json
2026212088,2823535,https://fibalivestats.dcd.shared.geniussports.com/data/2823535/data.json
2026212089,2823540,https://fibalivestats.dcd.shared.geniussports.com/data/2823540/data.json
2026212090,2756859,https://fibalivestats.dcd.shared.geniussports.com/data/2756859/data.json
2026212091,2763890,https://fibalivestats.dcd.shared.geniussports.com/data/2763890/data.json
2026212092,2766668,https://fibalivestats.dcd.shared.geniussports.com/data/2766668/data.json
2026212093,2775527,https://fibalivestats.dcd.shared.geniussports.com/data/2775527/data.json
2026212094,2776667,https://fibalivestats.dcd.shared.geniussports.com/data/2776667/data.json
2026212095,2789923,https://fibalivestats.dcd.shared.geniussports.com/data/2789923/data.json
2026212096,2796766,https://fibalivestats.dcd.shared.geniussports.com/data/2796766/data.json
2026212097,2800188,https://fibalivestats.dcd.shared.geniussports.com/data/2800188/data.json
2026212098,2807460,https://fibalivestats.dcd.shared.geniussports.com/data/2807460/data.json
2026212099,2813114,https://fibalivestats.dcd.shared.geniussports.com/data/2813114/data.json
2026212100,2823536,https://fibalivestats.dcd.shared.geniussports.com/data/2823536/data.json
2026212101,2826719,https://fibalivestats.dcd.shared.geniussports.com/data/2826719/data.json
2026212102,2826728,https://fibalivestats.dcd.shared.geniussports.com/data/2826728/data.json
2026212103,2746239,https://fibalivestats.dcd.shared.geniussports.com/data/2746239/data.json
2026212104,2756858,https://fibalivestats.dcd.shared.geniussports.com/data/2756858/data.json
2026212105,2766667,https://fibalivestats.dcd.shared.geniussports.com/data/2766667/data.json
2026212106,2764458,https://fibalivestats.dcd.shared.geniussports.com/data/2764458/data.json
2026212107,2776666,https://fibalivestats.dcd.shared.geniussports.com/data/2776666/data.json
2026212108,2779661,https://fibalivestats.dcd.shared.geniussports.com/data/2779661/data.json
2026212109,2789913,https://fibalivestats.dcd.shared.geniussports.com/data/2789913/data.json
2026212110,2796767,https://fibalivestats.dcd.shared.geniussports.com/data/2796767/data.json
2026212111,2797021,https://fibalivestats.dcd.shared.geniussports.com/data/2797021/data.json
2026212112,2804246,https://fibalivestats.dcd.shared.geniussports.com/data/2804246/data.json
2026212113,2810170,https://fibalivestats.dcd.shared.geniussports.com/data/2810170/data.json
2026212114,2810169,https://fibalivestats.dcd.shared.geniussports.com/data/2810169/data.json
2026212115,2816069,https://fibalivestats.dcd.shared.geniussports.com/data/2816069/data.json
2026212116,2746451,https://fibalivestats.dcd.shared.geniussports.com/data/2746451/data.json
2026212117,2756857,https://fibalivestats.dcd.shared.geniussports.com/data/2756857/data.json
2026212118,2779659,https://fibalivestats.dcd.shared.geniussports.com/data/2779659/data.json
2026212119,2766666,https://fibalivestats.dcd.shared.geniussports.com/data/2766666/data.json
2026212120,2766665,https://fibalivestats.dcd.shared.geniussports.com/data/2766665/data.json
2026212121,2771068,https://fibalivestats.dcd.shared.geniussports.com/data/2771068/data.json
2026212122,2775519,https://fibalivestats.dcd.shared.geniussports.com/data/2775519/data.json
2026212123,2779658,https://fibalivestats.dcd.shared.geniussports.com/data/2779658/data.json
2026212124,2784647,https://fibalivestats.dcd.shared.geniussports.com/data/2784647/data.json
2026212125,2789912,https://fibalivestats.dcd.shared.geniussports.com/data/2789912/data.json
2026212126,2793238,https://fibalivestats.dcd.shared.geniussports.com/data/2793238/data.json
2026212127,2826723,https://fibalivestats.dcd.shared.geniussports.com/data/2826723/data.json
2026212128,2775513,https://fibalivestats.dcd.shared.geniussports.com/data/2775513/data.json
2026212129,2755485,https://fibalivestats.dcd.shared.geniussports.com/data/2755485/data.json
2026212130,2763889,https://fibalivestats.dcd.shared.geniussports.com/data/2763889/data.json
2026212131,2766664,https://fibalivestats.dcd.shared.geniussports.com/data/2766664/data.json
2026212132,2775509,https://fibalivestats.dcd.shared.geniussports.com/data/2775509/data.json
2026212133,2776665,https://fibalivestats.dcd.shared.geniussports.com/data/2776665/data.json
2026212134,2779657,https://fibalivestats.dcd.shared.geniussports.com/data/2779657/data.json
2026212135,2784646,https://fibalivestats.dcd.shared.geniussports.com/data/2784646/data.json
2026212136,2792395,https://fibalivestats.dcd.shared.geniussports.com/data/2792395/data.json
2026212137,2793237,https://fibalivestats.dcd.shared.geniussports.com/data/2793237/data.json
2026212138,2810168,https://fibalivestats.dcd.shared.geniussports.com/data/2810168/data.json
2026212139,2816133,https://fibalivestats.dcd.shared.geniussports.com/data/2816133/data.json
2026212140,2823539,https://fibalivestats.dcd.shared.geniussports.com/data/2823539/data.json
2026212141,2826734,https://fibalivestats.dcd.shared.geniussports.com/data/2826734/data.json
2026212142,2756856,https://fibalivestats.dcd.shared.geniussports.com/data/2756856/data.json
2026212143,2776663,https://fibalivestats.dcd.shared.geniussports.com/data/2776663/data.json
2026212144,2789911,https://fibalivestats.dcd.shared.geniussports.com/data/2789911/data.json
2026212145,2792394,https://fibalivestats.dcd.shared.geniussports.com/data/2792394/data.json
2026212146,2797020,https://fibalivestats.dcd.shared.geniussports.com/data/2797020/data.json
2026212147,2800187,https://fibalivestats.dcd.shared.geniussports.com/data/2800187/data.json
2026212148,2804245,https://fibalivestats.dcd.shared.geniussports.com/data/2804245/data.json
2026212149,2807458,https://fibalivestats.dcd.shared.geniussports.com/data/2807458/data.json
2026212150,2807434,https://fibalivestats.dcd.shared.geniussports.com/data/2807434/data.json
2026212151,2810167,https://fibalivestats.dcd.shared.geniussports.com/data/2810167/data.json
2026212152,2813115,https://fibalivestats.dcd.shared.geniussports.com/data/2813115/data.json
2026212153,2816155,https://fibalivestats.dcd.shared.geniussports.com/data/2816155/data.json
2026212154,2826722,https://fibalivestats.dcd.shared.geniussports.com/data/2826722/data.json
2026212155,2756855,https://fibalivestats.dcd.shared.geniussports.com/data/2756855/data.json
2026212156,2766663,https://fibalivestats.dcd.shared.geniussports.com/data/2766663/data.json
2026212157,2775508,https://fibalivestats.dcd.shared.geniussports.com/data/2775508/data.json
2026212158,2776661,https://fibalivestats.dcd.shared.geniussports.com/data/2776661/data.json
2026212159,2784645,https://fibalivestats.dcd.shared.geniussports.com/data/2784645/data.json
2026212160,2792393,https://fibalivestats.dcd.shared.geniussports.com/data/2792393/data.json
2026212161,2797019,https://fibalivestats.dcd.shared.geniussports.com/data/2797019/data.json
2026212162,2800186,https://fibalivestats.dcd.shared.geniussports.com/data/2800186/data.json
2026212163,2807426,https://fibalivestats.dcd.shared.geniussports.com/data/2807426/data.json
2026212164,2810166,https://fibalivestats.dcd.shared.geniussports.com/data/2810166/data.json
2026212165,2823532,https://fibalivestats.dcd.shared.geniussports.com/data/2823532/data.json
2026212166,2823538,https://fibalivestats.dcd.shared.geniussports.com/data/2823538/data.json
2026212167,2826732,https://fibalivestats.dcd.shared.geniussports.com/data/2826732/data.json
2026212168,2756854,https://fibalivestats.dcd.shared.geniussports.com/data/2756854/data.json
2026212169,2763888,https://fibalivestats.dcd.shared.geniussports.com/data/2763888/data.json
2026212170,2771067,https://fibalivestats.dcd.shared.geniussports.com/data/2771067/data.json
2026212171,2775507,https://fibalivestats.dcd.shared.geniussports.com/data/2775507/data.json
2026212172,2779656,https://fibalivestats.dcd.shared.geniussports.com/data/2779656/data.json
2026212173,2789910,https://fibalivestats.dcd.shared.geniussports.com/data/2789910/data.json
2026212174,2796769,https://fibalivestats.dcd.shared.geniussports.com/data/2796769/data.json
2026212175,2804244,https://fibalivestats.dcd.shared.geniussports.com/data/2804244/data.json
2026212176,2807418,https://fibalivestats.dcd.shared.geniussports.com/data/2807418/data.json
2026212177,2813113,https://fibalivestats.dcd.shared.geniussports.com/data/2813113/data.json
2026212178,2813117,https://fibalivestats.dcd.shared.geniussports.com/data/2813117/data.json
2026212179,2816090,https://fibalivestats.dcd.shared.geniussports.com/data/2816090/data.json
2026212180,2826729,https://fibalivestats.dcd.shared.geniussports.com/data/2826729/data.json
2026212181,2756853,https://fibalivestats.dcd.shared.geniussports.com/data/2756853/data.json
2026212182,2823537,https://fibalivestats.dcd.shared.geniussports.com/data/2823537/data.json
2026212201,2829029,https://fibalivestats.dcd.shared.geniussports.com/data/2829029/data.json
2026212202,2830754,https://fibalivestats.dcd.shared.geniussports.com/data/2830754/data.json
2026212204,2829570,https://fibalivestats.dcd.shared.geniussports.com/data/2829570/data.json
2026212205,2829585,https://fibalivestats.dcd.shared.geniussports.com/data/2829585/data.json
2026212206,2830759,https://fibalivestats.dcd.shared.geniussports.com/data/2830759/data.json
2026212207,2829569,https://fibalivestats.dcd.shared.geniussports.com/data/2829569/data.json
2026212208,2829572,https://fibalivestats.dcd.shared.geniussports.com/data/2829572/data.json
2026212209,2830756,https://fibalivestats.dcd.shared.geniussports.com/data/2830756/data.json
2026212210,2829663,https://fibalivestats.dcd.shared.geniussports.com/data/2829663/data.json
2026212211,2830755,https://fibalivestats.dcd.shared.geniussports.com/data/2830755/data.json
2026212213,2833070,https://fibalivestats.dcd.shared.geniussports.com/data/2833070/data.json
2026212214,2833072,https://fibalivestats.dcd.shared.geniussports.com/data/2833072/data.json
2026212215,2833071,https://fibalivestats.dcd.shared.geniussports.com/data/2833071/data.json
2026212216,2833565,https://fibalivestats.dcd.shared.geniussports.com/data/2833565/data.json
2026212217,2833566,https://fibalivestats.dcd.shared.geniussports.com/data/2833566/data.json
2026212218,2833664,https://fibalivestats.dcd.shared.geniussports.com/data/2833664/data.json
2026212219,2836379,https://fibalivestats.dcd.shared.geniussports.com/data/2836379/data.json
2026212220,2836380,https://fibalivestats.dcd.shared.geniussports.com/data/2836380/data.json
